<?xml version="1.0" encoding="UTF-8"?>
<beans xmlns="http://www.springframework.org/schema/beans"
	xmlns:xsi="http://www.w3.org/2001/XMLSchema-instance"
	xmlns:batch="http://www.springframework.org/schema/batch"
	xmlns:jdbc="http://www.springframework.org/schema/jdbc"
	xsi:schemaLocation="http://www.springframework.org/schema/jdbc http://www.springframework.org/schema/jdbc/spring-jdbc-3.0.xsd
		http://www.springframework.org/schema/beans http://www.springframework.org/schema/beans/spring-beans-3.0.xsd
		http://www.springframework.org/schema/batch http://www.springframework.org/schema/batch/spring-batch-2.1.xsd">

	<bean id="dataSource" class="org.springframework.jdbc.datasource.SingleConnectionDataSource">
		<property name="driverClassName" value="org.h2.Driver" />
		<property name="url" value="jdbc:h2:mem:sbia_ch02;DB_CLOSE_DELAY=-1" />
		<property name="username" value="sa" />
		<property name="password" value="" />
		<property name="suppressClose" value="true" />
	</bean>

	<jdbc:initialize-database data-source="dataSource">
		<jdbc:script location="classpath:/org/springframework/batch/core/schema-h2.sql"/>
		<jdbc:script location="classpath:/create-tables.sql" />
		<jdbc:script location="classpath:/create-skip-log-table.sql" />
	</jdbc:initialize-database>

</beans>
