<configuration>

  <appender name="STDOUT" class="ch.qos.logback.core.ConsoleAppender">
    <!-- encoders are assigned the type
         ch.qos.logback.classic.encoder.PatternLayoutEncoder by default -->
    <encoder>
      <pattern>%d{HH:mm:ss.SSS} [%thread] %-5level %logger{36} - %msg%n</pattern>
    </encoder>
  </appender>
  
  <!--  suppress WARNING that throw stack traces -->
  <logger name="org.datanucleus.store" level="ERROR" />
  <logger name="org.apache.thrift" level="ERROR" />
  
  <root level="info">
    <appender-ref ref="STDOUT" />
  </root>
</configuration>