<?xml version="1.0" encoding="UTF-8"?>
<beans xmlns="http://www.springframework.org/schema/beans"
	xmlns:xsi="http://www.w3.org/2001/XMLSchema-instance" xmlns:context="http://www.springframework.org/schema/context"
	xmlns:camel="http://camel.apache.org/schema/spring"
	xsi:schemaLocation="
      http://www.springframework.org/schema/beans
      http://www.springframework.org/schema/beans/spring-beans-2.5.xsd
      http://www.springframework.org/schema/context
      http://www.springframework.org/schema/context/spring-context-2.5.xsd
      http://camel.apache.org/schema/spring 
      http://camel.apache.org/schema/spring/camel-spring.xsd">
      
	<bean id="camelTracer" class="org.apache.camel.processor.interceptor.Tracer">
  		<property name="traceOutExchanges" value="true" />
	</bean>

	<bean id="traceFormatter" class="org.apache.camel.processor.interceptor.DefaultTraceFormatter">
  		<property name="showOutBody" value="true" />
  		<property name="showOutBodyType" value="true" />
	</bean>

	<camelContext id="camel" trace="true" xmlns="http://camel.apache.org/schema/spring">
		<package>com.jdechmann.proto.camel.route</package>
		<jmxAgent id="agent" createConnector="true"/>
	</camelContext>

	<bean id="jms" class="org.apache.activemq.camel.component.ActiveMQComponent">
		<property name="brokerURL" value="tcp://localhost:61616" />
	</bean>

</beans>
