<?xml version="1.0" encoding="UTF-8"?>
<beans xmlns="http://www.springframework.org/schema/beans"
	xmlns:xsi="http://www.w3.org/2001/XMLSchema-instance"
	xmlns:batch="http://www.springframework.org/schema/batch"
	xmlns:hdp="http://www.springframework.org/schema/hadoop"
	xsi:schemaLocation="http://www.springframework.org/schema/beans 
	http://www.springframework.org/schema/beans/spring-beans-3.0.xsd
	http://www.springframework.org/schema/batch 
	http://www.springframework.org/schema/batch/spring-batch-2.1.xsd
	http://www.springframework.org/schema/hadoop http://www.springframework.org/schema/hadoop/spring-hadoop.xsd">
	
	<job id="importProducts" xmlns="http://www.springframework.org/schema/batch">
		<step id="readWriteProducts">
			<tasklet>
				<chunk reader="jdbcReader" writer="hdfsWriter" commit-interval="3" />				
			</tasklet>			
		</step>
	</job>
	
	<bean id="jdbcReader" class="org.springframework.batch.item.database.JdbcCursorItemReader">
		<property name="dataSource" ref="dataSource"/>
		<property name="sql" value="select id, name, description, price from product"/>
		<property name="rowMapper" ref="productRowMapper"/>
	</bean>

 	<bean id="productRowMapper" class="com.oreilly.springdata.domain.ProductRowMapper"/>	
		
	<bean id="dataSource" class="org.springframework.jdbc.datasource.SingleConnectionDataSource">
		<property name="driverClassName" value="org.h2.Driver" />
		<property name="url" value="jdbc:h2:tcp://localhost/mem:sbia_ch02" />
		<property name="username" value="sa" />
		<property name="password" value="" />
		<property name="suppressClose" value="true" />
	</bean>
	
	<bean id="hdfsWriter" class="com.oreilly.springdata.batch.item.HdfsTextItemWriter">
		<constructor-arg ref="hadoopFs"/>
	    <property name="basePath" value="/import/data/products/"/>
		<property name="baseFilename" value="product"/>
		<property name="fileSuffix" value="txt"/>
		<property name="rolloverThresholdInBytes" value="100"/>
		
		<property name="lineAggregator">
			<bean class="org.springframework.batch.item.file.transform.DelimitedLineAggregator">
				<property name="fieldExtractor">
				  <bean class="org.springframework.batch.item.file.transform.BeanWrapperFieldExtractor">
					<property name="names" value="id,price,name" />
				  </bean>
				</property>
			</bean>			
		</property>
 	</bean>

</beans>
