<?xml version="1.0" encoding="UTF-8"?>
<beans:beans xmlns="http://www.springframework.org/schema/hadoop"
	xmlns:xsi="http://www.w3.org/2001/XMLSchema-instance"
	xmlns:beans="http://www.springframework.org/schema/beans"	
	xmlns:context="http://www.springframework.org/schema/context"
	xmlns:task="http://www.springframework.org/schema/task"
	xsi:schemaLocation="http://www.springframework.org/schema/task http://www.springframework.org/schema/task/spring-task.xsd
		http://www.springframework.org/schema/beans http://www.springframework.org/schema/beans/spring-beans.xsd
		http://www.springframework.org/schema/hadoop http://www.springframework.org/schema/hadoop/spring-hadoop.xsd
		http://www.springframework.org/schema/context http://www.springframework.org/schema/context/spring-context.xsd">


	<context:property-placeholder location="hadoop.properties"/>

	<configuration>
		fs.default.name=${hd.fs}
	</configuration>

	<job id="wordcountJob"
		 input-path="${wordcount.input.path}" 
		 output-path="${wordcount.output.path}" 
		 mapper="org.apache.hadoop.examples.WordCount.TokenizerMapper"
		 reducer="org.apache.hadoop.examples.WordCount.IntSumReducer"/>


  	<script id="setupScript" location="copy-data.js">
		<property name="inputPath" value="${wordcount.input.path}" />
		<property name="outputPath" value="${wordcount.output.path}" />
		<property name="localResource" value="${local.data}" />
  	</script>
	
	<job-runner id="runner"
		pre-action="setupScript"
		job-ref="wordcountJob" />	 	
 
	<task:scheduled-tasks>
		<task:scheduled ref="runner" method="call" cron="3/30 * * * * ?"/>
	</task:scheduled-tasks>	
	
</beans:beans>
