<?xml version="1.0" encoding="UTF-8"?>
<beans xmlns="http://www.springframework.org/schema/beans"
	xmlns:xsi="http://www.w3.org/2001/XMLSchema-instance"
	xmlns:int="http://www.springframework.org/schema/integration"
	xmlns:hdp="http://www.springframework.org/schema/hadoop"
	xmlns:context="http://www.springframework.org/schema/context"
	xmlns:int-stream="http://www.springframework.org/schema/integration/stream"
	xmlns:int-ip="http://www.springframework.org/schema/integration/ip"
	xmlns:int-jmx="http://www.springframework.org/schema/integration/jmx"
	xmlns:int-http="http://www.springframework.org/schema/integration/http"
	xmlns:p="http://www.springframework.org/schema/p"
	xmlns:util="http://www.springframework.org/schema/util"
	xmlns:mvc="http://www.springframework.org/schema/mvc"
	xmlns:int-groovy="http://www.springframework.org/schema/integration/groovy"
	xsi:schemaLocation="http://www.springframework.org/schema/integration/http http://www.springframework.org/schema/integration/http/spring-integration-http-2.2.xsd
		http://www.springframework.org/schema/integration/ip http://www.springframework.org/schema/integration/ip/spring-integration-ip.xsd
		http://www.springframework.org/schema/integration http://www.springframework.org/schema/integration/spring-integration.xsd
		http://www.springframework.org/schema/mvc http://www.springframework.org/schema/mvc/spring-mvc-3.1.xsd
		http://www.springframework.org/schema/integration/jmx http://www.springframework.org/schema/integration/jmx/spring-integration-jmx.xsd
		http://www.springframework.org/schema/integration/groovy http://www.springframework.org/schema/integration/groovy/spring-integration-groovy-2.2.xsd
		http://www.springframework.org/schema/integration/stream http://www.springframework.org/schema/integration/stream/spring-integration-stream-2.1.xsd
		http://www.springframework.org/schema/beans http://www.springframework.org/schema/beans/spring-beans.xsd
		http://www.springframework.org/schema/util http://www.springframework.org/schema/util/spring-util-3.1.xsd
		http://www.springframework.org/schema/hadoop http://www.springframework.org/schema/hadoop/spring-hadoop.xsd
		http://www.springframework.org/schema/context http://www.springframework.org/schema/context/spring-context-3.1.xsd">


	<int-jmx:mbean-export default-domain="streaming-syslog"/>

	<context:mbean-server/>

 
 	<context:component-scan base-package="com.oreilly.springdata.hadoop.streaming" />

  	<mvc:annotation-driven />

 
	<int:channel id="inOperationChannel"/>
	
	<int-groovy:control-bus input-channel="inOperationChannel"/>
	<!-- 
	<int:control-bus input-channel="inOperationChannel"/>
	
	-->
<!-- 
	<int-http:inbound-gateway request-channel="inOperationChannel" reply-channel="outOperationChannel" path="/admin">
	</int-http:inbound-gateway>
-->
</beans>
