<?xml version="1.0" encoding="UTF-8"?>
<beans:beans xmlns="http://www.springframework.org/schema/hadoop"
	xmlns:beans="http://www.springframework.org/schema/beans"
    xmlns:xsi="http://www.w3.org/2001/XMLSchema-instance"
	xmlns:context="http://www.springframework.org/schema/context"
	xsi:schemaLocation="http://www.springframework.org/schema/beans http://www.springframework.org/schema/beans/spring-beans.xsd
	  http://www.springframework.org/schema/context http://www.springframework.org/schema/context/spring-context.xsd
	  http://www.springframework.org/schema/hadoop http://www.springframework.org/schema/hadoop/spring-hadoop.xsd">

	<beans:import resource="jdbc-context.xml"/>

	<context:property-placeholder location="hadoop.properties,hive.properties"/>
	 
	<context:component-scan base-package="com.oreilly.springdata.hadoop.hive" />
	
	<configuration>
		fs.default.name=${hd.fs}
		mapred.job.tracker=${mapred.job.tracker}
	</configuration>

	<!-- This will throw a NPE at the end of running the app that should be ignored
	     
	     To avoid this, run against the stand-alone server, use the command line  
	     
	     hive -hiveconf fs.default.name=hdfs://localhost:9000 -hiveconf mapred.job.tracker=localhost:9001
	     
	     -->
	
	<hive-server port="${hive.port}" auto-startup="true"
	             properties-location="hive-server.properties"/>		     
	
	<hive-client-factory host="${hive.host}" port="${hive.port}"/>	
	
	<hive-template id="hiveTemplate"/>		
 
 	<!-- TODO look into Spring Resource references via script location for runner.
	<hive-runner id="hiveRunner" run-at-startup="false"
			     pre-action="hdfsScript">
		<script location="classpath:password-analysis.hql"/>
	</hive-runner>
	-->
		
	<script id="hdfsScript" language="groovy" location="set-hive-permissions.groovy" run-at-startup="true"/>
	
</beans:beans>
