<?xml version="1.0" encoding="UTF-8"?>
<beans xmlns="http://www.springframework.org/schema/beans"
    xmlns:xsi="http://www.w3.org/2001/XMLSchema-instance"
	xmlns:context="http://www.springframework.org/schema/context"
	xmlns:hdp="http://www.springframework.org/schema/hadoop"
	xmlns:batch="http://www.springframework.org/schema/batch"
	xsi:schemaLocation="http://www.springframework.org/schema/beans http://www.springframework.org/schema/beans/spring-beans.xsd
	  http://www.springframework.org/schema/context http://www.springframework.org/schema/context/spring-context.xsd
	  http://www.springframework.org/schema/hadoop http://www.springframework.org/schema/hadoop/spring-hadoop.xsd
	  http://www.springframework.org/schema/batch	http://www.springframework.org/schema/batch/spring-batch.xsd">

	<bean id="hiveDriver" class="org.apache.hadoop.hive.jdbc.HiveDriver"/>
	
	<bean id="dataSource" class="org.springframework.jdbc.datasource.SimpleDriverDataSource">
	  <constructor-arg name="driver" ref="hiveDriver"/>
	  <constructor-arg name="url" value="${hive.url}"/>
	</bean>
	
	<bean id="jdbcTemplate" class="org.springframework.jdbc.core.JdbcTemplate">
	  <constructor-arg ref="dataSource"/>
	</bean>
	

</beans>
